,User0093,0
,User0113,0
,User0124,0
,User0158,0
,User0186,0
,User0205,0
,User0235,0
,User0263,0
,User0266,0
,User0323,0
,User0369,0
,User0414,0
,User0454,0
,User0455,0
,User0466,0
,User0483,0
,User0500,0
,User0505,0
,User0564,0
,User0587,0
,User0756,0
,User0822,0
,User1081,0
,User1103,0
,User1145,0
,User1157,0
,User1187,0
,User1233,0
,User1283,0
,User1351,0
,User1506,0
,User1545,0
,User1597,0
,User2007,0
,User2044,0
,User2571,0
,User2613,0
,User2699,0
,User2806,0
,User2955,0
,User2971,0
,User3004,0
,User3240,0
,User3379,0
,User3460,0
,User3598,0
,User3735,0
,User3737,0
,User3858,0
,User3864,0
,User3897,0
,User4002,0
,User4121,0
,User4208,0
,User4266,0
,User4313,0
,User4378,0
,User4414,0
,User4733,0
,User4795,0
,User4835,0
,User4977,0
,User5083,0
,User5224,0
,User5269,0
,User5297,0
,User5348,0
,User5459,0
,User5557,0
,User5595,0
,User5617,0
,User5732,0
,User5952,0
,User6095,0
,User6256,0
,User6523,0
,User6696,0
,User7178,0
,User7265,0
,User7378,0
,User7551,0
,User7628,0
User0020,User0113,0
User0020,User0124,0
User0020,User0158,0
User0020,User0186,1
User0020,User0205,1
User0020,User0235,0
User0020,User0263,0
User0020,User0266,0
User0020,User0323,0
User0020,User0369,0
User0020,User0414,0
User0020,User0454,1
User0020,User0455,1
User0020,User0466,0
User0020,User0483,0
User0020,User0500,0
User0020,User0505,0
User0020,User0564,0
User0020,User0587,0
User0020,User0756,0
User0020,User0822,1
User0020,User1081,0
User0020,User1103,0
User0020,User1145,0
User0020,User1157,0
User0020,User1187,0
User0020,User1233,0
User0020,User1283,0
User0020,User1351,1
User0020,User1506,0
User0020,User1545,0
User0020,User1597,1
User0020,User2007,1
User0020,User2044,0
User0020,User2571,0
User0020,User2613,1
User0020,User2699,0
User0020,User2806,0
User0020,User2955,0
User0020,User2971,0
User0020,User3004,1
User0020,User3240,0
User0020,User3379,1
User0020,User3460,0
User0020,User3598,0
User0020,User3735,0
User0020,User3737,0
User0020,User3858,0
User0020,User3864,0
User0020,User3897,0
User0020,User4002,0
User0020,User4121,0
User0020,User4208,0
User0020,User4266,0
User0020,User4313,0
User0020,User4378,1
User0020,User4414,0
User0020,User4733,0
User0020,User4795,0
User0020,User4835,0
User0020,User4977,0
User0020,User5083,1
User0020,User5224,0
User0020,User5269,1
User0020,User5297,0
User0020,User5348,0
User0020,User5459,0
User0020,User5557,0
User0020,User5595,0
User0020,User5617,0
User0020,User5732,0
User0020,User5952,0
User0020,User6095,1
User0020,User6256,0
User0020,User6523,1
User0020,User6696,0
User0020,User7178,0
User0020,User7265,1
User0020,User7378,0
User0020,User7551,0
User0020,User7628,0
User0063,User0124,1
User0063,User0158,1
User0063,User0186,1
User0063,User0205,0
User0063,User0235,0
User0063,User0263,1
User0063,User0266,2
User0063,User0323,2
User0063,User0369,1
User0063,User0414,1
User0063,User0454,1
User0063,User0455,1
User0063,User0466,0
User0063,User0483,0
User0063,User0500,0
User0063,User0505,1
User0063,User0564,1
User0063,User0587,0
User0063,User0756,0
User0063,User0822,0
User0063,User1081,1
User0063,User1103,1
User0063,User1145,1
User0063,User1157,0
User0063,User1187,2
User0063,User1233,0
User0063,User1283,0
User0063,User1351,0
User0063,User1506,0
User0063,User1545,2
User0063,User1597,0
User0063,User2007,0
User0063,User2044,1
User0063,User2571,1
User0063,User2613,0
User0063,User2699,1
User0063,User2806,1
User0063,User2955,1
User0063,User2971,0
User0063,User3004,1
User0063,User3240,0
User0063,User3379,0
User0063,User3460,0
User0063,User3598,1
User0063,User3735,0
User0063,User3737,0
User0063,User3858,1
User0063,User3864,1
User0063,User3897,0
User0063,User4002,0
User0063,User4121,0
User0063,User4208,0
User0063,User4266,0
User0063,User4313,0
User0063,User4378,0
User0063,User4414,1
User0063,User4733,0
User0063,User4795,0
User0063,User4835,1
User0063,User4977,1
User0063,User5083,0
User0063,User5224,1
User0063,User5269,0
User0063,User5297,1
User0063,User5348,2
User0063,User5459,1
User0063,User5557,1
User0063,User5595,0
User0063,User5617,0
User0063,User5732,1
User0063,User5952,1
User0063,User6095,0
User0063,User6256,0
User0063,User6523,0
User0063,User6696,0
User0063,User7178,1
User0063,User7265,0
User0063,User7378,1
User0063,User7551,1
User0063,User7628,1
User0093,User0158,1
User0093,User0186,1
User0093,User0205,1
User0093,User0235,0
User0093,User0263,1
User0093,User0266,1
User0093,User0323,1
User0093,User0369,1
User0093,User0414,1
User0093,User0454,1
User0093,User0455,1
User0093,User0466,0
User0093,User0483,1
User0093,User0500,1
User0093,User0505,1
User0093,User0564,1
User0093,User0587,0
User0093,User0756,0
User0093,User0822,1
User0093,User1081,1
User0093,User1103,1
User0093,User1145,1
User0093,User1157,0
User0093,User1187,1
User0093,User1233,1
User0093,User1283,0
User0093,User1351,0
User0093,User1506,0
User0093,User1545,1
User0093,User1597,0
User0093,User2007,0
User0093,User2044,1
User0093,User2571,1
User0093,User2613,0
User0093,User2699,0
User0093,User2806,1
User0093,User2955,1
User0093,User2971,0
User0093,User3004,0
User0093,User3240,0
User0093,User3379,0
User0093,User3460,0
User0093,User3598,1
User0093,User3735,0
User0093,User3737,0
User0093,User3858,1
User0093,User3864,1
User0093,User3897,0
User0093,User4002,0
User0093,User4121,0
User0093,User4208,1
User0093,User4266,1
User0093,User4313,0
User0093,User4378,0
User0093,User4414,1
User0093,User4733,0
User0093,User4795,0
User0093,User4835,1
User0093,User4977,1
User0093,User5083,0
User0093,User5224,1
User0093,User5269,0
User0093,User5297,1
User0093,User5348,1
User0093,User5459,1
User0093,User5557,1
User0093,User5595,0
User0093,User5617,0
User0093,User5732,1
User0093,User5952,0
User0093,User6095,0
User0093,User6256,0
User0093,User6523,0
User0093,User6696,0
User0093,User7178,1
User0093,User7265,0
User0093,User7378,1
User0093,User7551,1
User0093,User7628,1
User0113,User0186,1
User0113,User0205,0
User0113,User0235,0
User0113,User0263,0
User0113,User0266,0
User0113,User0323,0
User0113,User0369,0
User0113,User0414,0
User0113,User0454,0
User0113,User0455,0
User0113,User0466,1
User0113,User0483,0
User0113,User0500,0
User0113,User0505,0
User0113,User0564,0
User0113,User0587,0
User0113,User0756,0
User0113,User0822,0
User0113,User1081,0
User0113,User1103,0
User0113,User1145,0
User0113,User1157,0
User0113,User1187,0
User0113,User1233,0
User0113,User1283,0
User0113,User1351,0
User0113,User1506,0
User0113,User1545,0
User0113,User1597,0
User0113,User2007,0
User0113,User2044,0
User0113,User2571,0
User0113,User2613,0
User0113,User2699,0
User0113,User2806,0
User0113,User2955,0
User0113,User2971,0
User0113,User3004,0
User0113,User3240,0
User0113,User3379,0
User0113,User3460,0
User0113,User3598,0
User0113,User3735,0
User0113,User3737,0
User0113,User3858,0
User0113,User3864,0
User0113,User3897,0
User0113,User4002,0
User0113,User4121,0
User0113,User4208,0
User0113,User4266,0
User0113,User4313,0
User0113,User4378,0
User0113,User4414,0
User0113,User4733,0
User0113,User4795,0
User0113,User4835,0
User0113,User4977,0
User0113,User5083,0
User0113,User5224,0
User0113,User5269,0
User0113,User5297,0
User0113,User5348,0
User0113,User5459,0
User0113,User5557,0
User0113,User5595,0
User0113,User5617,1
User0113,User5732,0
User0113,User5952,0
User0113,User6095,0
User0113,User6256,0
User0113,User6523,0
User0113,User6696,0
User0113,User7178,0
User0113,User7265,0
User0113,User7378,0
User0113,User7551,0
User0113,User7628,0
User0124,User0205,0
User0124,User0235,0
User0124,User0263,1
User0124,User0266,1
User0124,User0323,1
User0124,User0369,1
User0124,User0414,1
User0124,User0454,0
User0124,User0455,0
User0124,User0466,0
User0124,User0483,0
User0124,User0500,0
User0124,User0505,1
User0124,User0564,1
User0124,User0587,0
User0124,User0756,0
User0124,User0822,0
User0124,User1081,1
User0124,User1103,1
User0124,User1145,1
User0124,User1157,0
User0124,User1187,1
User0124,User1233,0
User0124,User1283,0
User0124,User1351,0
User0124,User1506,0
User0124,User1545,1
User0124,User1597,0
User0124,User2007,0
User0124,User2044,1
User0124,User2571,1
User0124,User2613,0
User0124,User2699,0
User0124,User2806,1
User0124,User2955,1
User0124,User2971,0
User0124,User3004,0
User0124,User3240,0
User0124,User3379,0
User0124,User3460,0
User0124,User3598,1
User0124,User3735,0
User0124,User3737,0
User0124,User3858,1
User0124,User3864,1
User0124,User3897,0
User0124,User4002,0
User0124,User4121,0
User0124,User4208,0
User0124,User4266,0
User0124,User4313,0
User0124,User4378,0
User0124,User4414,1
User0124,User4733,0
User0124,User4795,0
User0124,User4835,1
User0124,User4977,1
User0124,User5083,0
User0124,User5224,1
User0124,User5269,0
User0124,User5297,1
User0124,User5348,1
User0124,User5459,1
User0124,User5557,1
User0124,User5595,0
User0124,User5617,0
User0124,User5732,1
User0124,User5952,0
User0124,User6095,0
User0124,User6256,0
User0124,User6523,0
User0124,User6696,0
User0124,User7178,1
User0124,User7265,0
User0124,User7378,1
User0124,User7551,1
User0124,User7628,1
User0158,User0235,0
User0158,User0263,1
User0158,User0266,1
User0158,User0323,1
User0158,User0369,1
User0158,User0414,1
User0158,User0454,0
User0158,User0455,0
User0158,User0466,0
User0158,User0483,0
User0158,User0500,0
User0158,User0505,1
User0158,User0564,1
User0158,User0587,0
User0158,User0756,0
User0158,User0822,0
User0158,User1081,1
User0158,User1103,1
User0158,User1145,1
User0158,User1157,0
User0158,User1187,1
User0158,User1233,0
User0158,User1283,0
User0158,User1351,0
User0158,User1506,0
User0158,User1545,1
User0158,User1597,0
User0158,User2007,0
User0158,User2044,1
User0158,User2571,1
User0158,User2613,0
User0158,User2699,0
User0158,User2806,1
User0158,User2955,1
User0158,User2971,0
User0158,User3004,0
User0158,User3240,0
User0158,User3379,0
User0158,User3460,0
User0158,User3598,1
User0158,User3735,0
User0158,User3737,0
User0158,User3858,1
User0158,User3864,1
User0158,User3897,0
User0158,User4002,0
User0158,User4121,0
User0158,User4208,0
User0158,User4266,0
User0158,User4313,0
User0158,User4378,0
User0158,User4414,1
User0158,User4733,0
User0158,User4795,0
User0158,User4835,1
User0158,User4977,1
User0158,User5083,0
User0158,User5224,1
User0158,User5269,0
User0158,User5297,1
User0158,User5348,1
User0158,User5459,1
User0158,User5557,1
User0158,User5595,0
User0158,User5617,0
User0158,User5732,1
User0158,User5952,0
User0158,User6095,0
User0158,User6256,0
User0158,User6523,0
User0158,User6696,0
User0158,User7178,1
User0158,User7265,0
User0158,User7378,1
User0158,User7551,1
User0158,User7628,1
User0186,User0263,2
User0186,User0266,1
User0186,User0323,1
User0186,User0369,1
User0186,User0414,1
User0186,User0454,2
User0186,User0455,3
User0186,User0466,1
User0186,User0483,0
User0186,User0500,0
User0186,User0505,1
User0186,User0564,1
User0186,User0587,0
User0186,User0756,1
User0186,User0822,1
User0186,User1081,1
User0186,User1103,1
User0186,User1145,1
User0186,User1157,0
User0186,User1187,1
User0186,User1233,0
User0186,User1283,1
User0186,User1351,1
User0186,User1506,0
User0186,User1545,1
User0186,User1597,1
User0186,User2007,1
User0186,User2044,1
User0186,User2571,1
User0186,User2613,2
User0186,User2699,0
User0186,User2806,1
User0186,User2955,1
User0186,User2971,1
User0186,User3004,1
User0186,User3240,1
User0186,User3379,1
User0186,User3460,0
User0186,User3598,1
User0186,User3735,1
User0186,User3737,0
User0186,User3858,1
User0186,User3864,1
User0186,User3897,0
User0186,User4002,0
User0186,User4121,0
User0186,User4208,0
User0186,User4266,0
User0186,User4313,0
User0186,User4378,1
User0186,User4414,1
User0186,User4733,0
User0186,User4795,0
User0186,User4835,1
User0186,User4977,1
User0186,User5083,1
User0186,User5224,1
User0186,User5269,1
User0186,User5297,1
User0186,User5348,1
User0186,User5459,1
User0186,User5557,1
User0186,User5595,0
User0186,User5617,1
User0186,User5732,1
User0186,User5952,0
User0186,User6095,1
User0186,User6256,1
User0186,User6523,1
User0186,User6696,0
User0186,User7178,1
User0186,User7265,1
User0186,User7378,1
User0186,User7551,1
User0186,User7628,1
User0205,User0266,0
User0205,User0323,0
User0205,User0369,0
User0205,User0414,0
User0205,User0454,2
User0205,User0455,3
User0205,User0466,0
User0205,User0483,1
User0205,User0500,1
User0205,User0505,0
User0205,User0564,0
User0205,User0587,0
User0205,User0756,1
User0205,User0822,2
User0205,User1081,0
User0205,User1103,0
User0205,User1145,0
User0205,User1157,0
User0205,User1187,0
User0205,User1233,1
User0205,User1283,0
User0205,User1351,1
User0205,User1506,0
User0205,User1545,0
User0205,User1597,1
User0205,User2007,1
User0205,User2044,0
User0205,User2571,0
User0205,User2613,1
User0205,User2699,0
User0205,User2806,1
User0205,User2955,0
User0205,User2971,0
User0205,User3004,1
User0205,User3240,0
User0205,User3379,1
User0205,User3460,0
User0205,User3598,0
User0205,User3735,0
User0205,User3737,0
User0205,User3858,0
User0205,User3864,0
User0205,User3897,0
User0205,User4002,0
User0205,User4121,0
User0205,User4208,1
User0205,User4266,1
User0205,User4313,0
User0205,User4378,1
User0205,User4414,0
User0205,User4733,0
User0205,User4795,0
User0205,User4835,0
User0205,User4977,0
User0205,User5083,1
User0205,User5224,0
User0205,User5269,1
User0205,User5297,0
User0205,User5348,0
User0205,User5459,0
User0205,User5557,0
User0205,User5595,0
User0205,User5617,0
User0205,User5732,0
User0205,User5952,0
User0205,User6095,1
User0205,User6256,0
User0205,User6523,1
User0205,User6696,0
User0205,User7178,0
User0205,User7265,1
User0205,User7378,0
User0205,User7551,0
User0205,User7628,0
User0235,User0323,0
User0235,User0369,0
User0235,User0414,0
User0235,User0454,0
User0235,User0455,0
User0235,User0466,0
User0235,User0483,0
User0235,User0500,0
User0235,User0505,1
User0235,User0564,0
User0235,User0587,0
User0235,User0756,0
User0235,User0822,1
User0235,User1081,0
User0235,User1103,0
User0235,User1145,0
User0235,User1157,0
User0235,User1187,0
User0235,User1233,0
User0235,User1283,0
User0235,User1351,0
User0235,User1506,1
User0235,User1545,0
User0235,User1597,0
User0235,User2007,0
User0235,User2044,0
User0235,User2571,0
User0235,User2613,0
User0235,User2699,0
User0235,User2806,0
User0235,User2955,0
User0235,User2971,0
User0235,User3004,0
User0235,User3240,0
User0235,User3379,0
User0235,User3460,0
User0235,User3598,0
User0235,User3735,0
User0235,User3737,0
User0235,User3858,0
User0235,User3864,0
User0235,User3897,0
User0235,User4002,0
User0235,User4121,1
User0235,User4208,0
User0235,User4266,0
User0235,User4313,0
User0235,User4378,0
User0235,User4414,0
User0235,User4733,0
User0235,User4795,1
User0235,User4835,0
User0235,User4977,0
User0235,User5083,0
User0235,User5224,0
User0235,User5269,0
User0235,User5297,0
User0235,User5348,0
User0235,User5459,0
User0235,User5557,0
User0235,User5595,1
User0235,User5617,0
User0235,User5732,0
User0235,User5952,0
User0235,User6095,0
User0235,User6256,0
User0235,User6523,0
User0235,User6696,1
User0235,User7178,0
User0235,User7265,0
User0235,User7378,0
User0235,User7551,0
User0235,User7628,0
User0263,User0369,1
User0263,User0414,1
User0263,User0454,0
User0263,User0455,1
User0263,User0466,0
User0263,User0483,0
User0263,User0500,0
User0263,User0505,2
User0263,User0564,1
User0263,User0587,0
User0263,User0756,2
User0263,User0822,0
User0263,User1081,1
User0263,User1103,1
User0263,User1145,1
User0263,User1157,0
User0263,User1187,1
User0263,User1233,0
User0263,User1283,0
User0263,User1351,0
User0263,User1506,0
User0263,User1545,1
User0263,User1597,0
User0263,User2007,0
User0263,User2044,1
User0263,User2571,1
User0263,User2613,0
User0263,User2699,0
User0263,User2806,1
User0263,User2955,1
User0263,User2971,1
User0263,User3004,1
User0263,User3240,0
User0263,User3379,0
User0263,User3460,0
User0263,User3598,1
User0263,User3735,0
User0263,User3737,0
User0263,User3858,1
User0263,User3864,1
User0263,User3897,0
User0263,User4002,1
User0263,User4121,0
User0263,User4208,0
User0263,User4266,0
User0263,User4313,1
User0263,User4378,0
User0263,User4414,1
User0263,User4733,0
User0263,User4795,0
User0263,User4835,1
User0263,User4977,1
User0263,User5083,0
User0263,User5224,1
User0263,User5269,0
User0263,User5297,1
User0263,User5348,1
User0263,User5459,1
User0263,User5557,1
User0263,User5595,0
User0263,User5617,0
User0263,User5732,1
User0263,User5952,0
User0263,User6095,0
User0263,User6256,0
User0263,User6523,0
User0263,User6696,0
User0263,User7178,1
User0263,User7265,0
User0263,User7378,1
User0263,User7551,1
User0263,User7628,1
User0266,User0414,1
User0266,User0454,1
User0266,User0455,1
User0266,User0466,0
User0266,User0483,0
User0266,User0500,0
User0266,User0505,1
User0266,User0564,1
User0266,User0587,0
User0266,User0756,0
User0266,User0822,0
User0266,User1081,1
User0266,User1103,1
User0266,User1145,1
User0266,User1157,0
User0266,User1187,2
User0266,User1233,0
User0266,User1283,0
User0266,User1351,0
User0266,User1506,0
User0266,User1545,2
User0266,User1597,0
User0266,User2007,0
User0266,User2044,1
User0266,User2571,1
User0266,User2613,0
User0266,User2699,1
User0266,User2806,1
User0266,User2955,1
User0266,User2971,0
User0266,User3004,1
User0266,User3240,0
User0266,User3379,0
User0266,User3460,0
User0266,User3598,1
User0266,User3735,0
User0266,User3737,0
User0266,User3858,1
User0266,User3864,1
User0266,User3897,0
User0266,User4002,0
User0266,User4121,0
User0266,User4208,0
User0266,User4266,0
User0266,User4313,0
User0266,User4378,0
User0266,User4414,1
User0266,User4733,0
User0266,User4795,0
User0266,User4835,1
User0266,User4977,1
User0266,User5083,0
User0266,User5224,1
User0266,User5269,0
User0266,User5297,1
User0266,User5348,2
User0266,User5459,1
User0266,User5557,1
User0266,User5595,0
User0266,User5617,0
User0266,User5732,1
User0266,User5952,1
User0266,User6095,0
User0266,User6256,0
User0266,User6523,0
User0266,User6696,0
User0266,User7178,1
User0266,User7265,0
User0266,User7378,1
User0266,User7551,1
User0266,User7628,1
User0323,User0454,1
User0323,User0455,1
User0323,User0466,0
User0323,User0483,0
User0323,User0500,0
User0323,User0505,1
User0323,User0564,1
User0323,User0587,0
User0323,User0756,0
User0323,User0822,0
User0323,User1081,1
User0323,User1103,1
User0323,User1145,1
User0323,User1157,0
User0323,User1187,2
User0323,User1233,0
User0323,User1283,0
User0323,User1351,0
User0323,User1506,0
User0323,User1545,2
User0323,User1597,0
User0323,User2007,0
User0323,User2044,1
User0323,User2571,1
User0323,User2613,0
User0323,User2699,1
User0323,User2806,1
User0323,User2955,1
User0323,User2971,0
User0323,User3004,1
User0323,User3240,0
User0323,User3379,0
User0323,User3460,0
User0323,User3598,1
User0323,User3735,0
User0323,User3737,0
User0323,User3858,1
User0323,User3864,1
User0323,User3897,0
User0323,User4002,0
User0323,User4121,0
User0323,User4208,0
User0323,User4266,0
User0323,User4313,0
User0323,User4378,0
User0323,User4414,1
User0323,User4733,0
User0323,User4795,0
User0323,User4835,1
User0323,User4977,1
User0323,User5083,0
User0323,User5224,1
User0323,User5269,0
User0323,User5297,1
User0323,User5348,2
User0323,User5459,1
User0323,User5557,1
User0323,User5595,0
User0323,User5617,0
User0323,User5732,1
User0323,User5952,1
User0323,User6095,0
User0323,User6256,0
User0323,User6523,0
User0323,User6696,0
User0323,User7178,1
User0323,User7265,0
User0323,User7378,1
User0323,User7551,1
User0323,User7628,1
User0369,User0455,0
User0369,User0466,0
User0369,User0483,0
User0369,User0500,0
User0369,User0505,1
User0369,User0564,1
User0369,User0587,0
User0369,User0756,0
User0369,User0822,0
User0369,User1081,1
User0369,User1103,1
User0369,User1145,1
User0369,User1157,0
User0369,User1187,1
User0369,User1233,0
User0369,User1283,0
User0369,User1351,0
User0369,User1506,0
User0369,User1545,1
User0369,User1597,0
User0369,User2007,0
User0369,User2044,1
User0369,User2571,1
User0369,User2613,0
User0369,User2699,0
User0369,User2806,1
User0369,User2955,1
User0369,User2971,0
User0369,User3004,0
User0369,User3240,0
User0369,User3379,0
User0369,User3460,0
User0369,User3598,1
User0369,User3735,0
User0369,User3737,0
User0369,User3858,1
User0369,User3864,1
User0369,User3897,0
User0369,User4002,0
User0369,User4121,0
User0369,User4208,0
User0369,User4266,0
User0369,User4313,0
User0369,User4378,0
User0369,User4414,1
User0369,User4733,0
User0369,User4795,0
User0369,User4835,1
User0369,User4977,1
User0369,User5083,0
User0369,User5224,1
User0369,User5269,0
User0369,User5297,1
User0369,User5348,1
User0369,User5459,1
User0369,User5557,1
User0369,User5595,0
User0369,User5617,0
User0369,User5732,1
User0369,User5952,0
User0369,User6095,0
User0369,User6256,0
User0369,User6523,0
User0369,User6696,0
User0369,User7178,1
User0369,User7265,0
User0369,User7378,1
User0369,User7551,1
User0369,User7628,1
User0414,User0466,0
User0414,User0483,0
User0414,User0500,0
User0414,User0505,1
User0414,User0564,1
User0414,User0587,0
User0414,User0756,0
User0414,User0822,0
User0414,User1081,1
User0414,User1103,1
User0414,User1145,1
User0414,User1157,0
User0414,User1187,1
User0414,User1233,0
User0414,User1283,0
User0414,User1351,0
User0414,User1506,0
User0414,User1545,1
User0414,User1597,0
User0414,User2007,0
User0414,User2044,1
User0414,User2571,1
User0414,User2613,0
User0414,User2699,0
User0414,User2806,1
User0414,User2955,1
User0414,User2971,0
User0414,User3004,0
User0414,User3240,0
User0414,User3379,0
User0414,User3460,0
User0414,User3598,1
User0414,User3735,0
User0414,User3737,0
User0414,User3858,1
User0414,User3864,1
User0414,User3897,0
User0414,User4002,0
User0414,User4121,0
User0414,User4208,0
User0414,User4266,0
User0414,User4313,0
User0414,User4378,0
User0414,User4414,1
User0414,User4733,0
User0414,User4795,0
User0414,User4835,1
User0414,User4977,1
User0414,User5083,0
User0414,User5224,1
User0414,User5269,0
User0414,User5297,1
User0414,User5348,1
User0414,User5459,1
User0414,User5557,1
User0414,User5595,0
User0414,User5617,0
User0414,User5732,1
User0414,User5952,0
User0414,User6095,0
User0414,User6256,0
User0414,User6523,0
User0414,User6696,0
User0414,User7178,1
User0414,User7265,0
User0414,User7378,1
User0414,User7551,1
User0414,User7628,1
User0454,User0483,1
User0454,User0500,1
User0454,User0505,1
User0454,User0564,0
User0454,User0587,1
User0454,User0756,0
User0454,User0822,3
User0454,User1081,0
User0454,User1103,0
User0454,User1145,0
User0454,User1157,1
User0454,User1187,1
User0454,User1233,1
User0454,User1283,1
User0454,User1351,1
User0454,User1506,0
User0454,User1545,1
User0454,User1597,1
User0454,User2007,1
User0454,User2044,0
User0454,User2571,0
User0454,User2613,2
User0454,User2699,1
User0454,User2806,0
User0454,User2955,0
User0454,User2971,0
User0454,User3004,3
User0454,User3240,1
User0454,User3379,1
User0454,User3460,1
User0454,User3598,0
User0454,User3735,1
User0454,User3737,1
User0454,User3858,0
User0454,User3864,0
User0454,User3897,0
User0454,User4002,1
User0454,User4121,0
User0454,User4208,1
User0454,User4266,1
User0454,User4313,0
User0454,User4378,1
User0454,User4414,0
User0454,User4733,0
User0454,User4795,0
User0454,User4835,0
User0454,User4977,0
User0454,User5083,1
User0454,User5224,0
User0454,User5269,1
User0454,User5297,0
User0454,User5348,1
User0454,User5459,1
User0454,User5557,0
User0454,User5595,0
User0454,User5617,0
User0454,User5732,0
User0454,User5952,1
User0454,User6095,1
User0454,User6256,2
User0454,User6523,1
User0454,User6696,0
User0454,User7178,0
User0454,User7265,1
User0454,User7378,0
User0454,User7551,0
User0454,User7628,0
User0455,User0500,1
User0455,User0505,1
User0455,User0564,0
User0455,User0587,0
User0455,User0756,2
User0455,User0822,2
User0455,User1081,0
User0455,User1103,0
User0455,User1145,0
User0455,User1157,0
User0455,User1187,1
User0455,User1233,1
User0455,User1283,1
User0455,User1351,1
User0455,User1506,0
User0455,User1545,1
User0455,User1597,1
User0455,User2007,1
User0455,User2044,0
User0455,User2571,0
User0455,User2613,3
User0455,User2699,1
User0455,User2806,1
User0455,User2955,0
User0455,User2971,1
User0455,User3004,2
User0455,User3240,1
User0455,User3379,1
User0455,User3460,0
User0455,User3598,0
User0455,User3735,1
User0455,User3737,0
User0455,User3858,0
User0455,User3864,0
User0455,User3897,0
User0455,User4002,1
User0455,User4121,0
User0455,User4208,1
User0455,User4266,1
User0455,User4313,0
User0455,User4378,1
User0455,User4414,0
User0455,User4733,1
User0455,User4795,0
User0455,User4835,0
User0455,User4977,0
User0455,User5083,1
User0455,User5224,0
User0455,User5269,1
User0455,User5297,0
User0455,User5348,1
User0455,User5459,1
User0455,User5557,0
User0455,User5595,0
User0455,User5617,0
User0455,User5732,0
User0455,User5952,1
User0455,User6095,1
User0455,User6256,2
User0455,User6523,1
User0455,User6696,1
User0455,User7178,0
User0455,User7265,1
User0455,User7378,0
User0455,User7551,0
User0455,User7628,0
User0466,User0505,0
User0466,User0564,0
User0466,User0587,0
User0466,User0756,0
User0466,User0822,0
User0466,User1081,0
User0466,User1103,0
User0466,User1145,0
User0466,User1157,0
User0466,User1187,0
User0466,User1233,0
User0466,User1283,0
User0466,User1351,0
User0466,User1506,0
User0466,User1545,0
User0466,User1597,0
User0466,User2007,0
User0466,User2044,0
User0466,User2571,0
User0466,User2613,0
User0466,User2699,0
User0466,User2806,0
User0466,User2955,0
User0466,User2971,0
User0466,User3004,0
User0466,User3240,0
User0466,User3379,0
User0466,User3460,0
User0466,User3598,0
User0466,User3735,0
User0466,User3737,0
User0466,User3858,0
User0466,User3864,0
User0466,User3897,0
User0466,User4002,0
User0466,User4121,0
User0466,User4208,0
User0466,User4266,0
User0466,User4313,0
User0466,User4378,0
User0466,User4414,0
User0466,User4733,0
User0466,User4795,0
User0466,User4835,0
User0466,User4977,0
User0466,User5083,0
User0466,User5224,0
User0466,User5269,0
User0466,User5297,0
User0466,User5348,0
User0466,User5459,0
User0466,User5557,0
User0466,User5595,0
User0466,User5617,1
User0466,User5732,0
User0466,User5952,0
User0466,User6095,0
User0466,User6256,0
User0466,User6523,0
User0466,User6696,0
User0466,User7178,0
User0466,User7265,0
User0466,User7378,0
User0466,User7551,0
User0466,User7628,0
User0483,User0564,0
User0483,User0587,0
User0483,User0756,0
User0483,User0822,1
User0483,User1081,0
User0483,User1103,0
User0483,User1145,0
User0483,User1157,0
User0483,User1187,0
User0483,User1233,1
User0483,User1283,0
User0483,User1351,0
User0483,User1506,0
User0483,User1545,0
User0483,User1597,0
User0483,User2007,0
User0483,User2044,0
User0483,User2571,0
User0483,User2613,0
User0483,User2699,0
User0483,User2806,0
User0483,User2955,0
User0483,User2971,0
User0483,User3004,0
User0483,User3240,0
User0483,User3379,0
User0483,User3460,0
User0483,User3598,0
User0483,User3735,0
User0483,User3737,0
User0483,User3858,0
User0483,User3864,0
User0483,User3897,0
User0483,User4002,0
User0483,User4121,0
User0483,User4208,1
User0483,User4266,1
User0483,User4313,0
User0483,User4378,0
User0483,User4414,0
User0483,User4733,0
User0483,User4795,0
User0483,User4835,0
User0483,User4977,0
User0483,User5083,0
User0483,User5224,0
User0483,User5269,0
User0483,User5297,0
User0483,User5348,0
User0483,User5459,0
User0483,User5557,0
User0483,User5595,0
User0483,User5617,0
User0483,User5732,0
User0483,User5952,0
User0483,User6095,0
User0483,User6256,0
User0483,User6523,0
User0483,User6696,0
User0483,User7178,0
User0483,User7265,0
User0483,User7378,0
User0483,User7551,0
User0483,User7628,0
User0500,User0587,0
User0500,User0756,0
User0500,User0822,1
User0500,User1081,0
User0500,User1103,0
User0500,User1145,0
User0500,User1157,0
User0500,User1187,0
User0500,User1233,1
User0500,User1283,0
User0500,User1351,0
User0500,User1506,0
User0500,User1545,0
User0500,User1597,0
User0500,User2007,0
User0500,User2044,0
User0500,User2571,0
User0500,User2613,0
User0500,User2699,0
User0500,User2806,0
User0500,User2955,0
User0500,User2971,0
User0500,User3004,0
User0500,User3240,0
User0500,User3379,0
User0500,User3460,0
User0500,User3598,0
User0500,User3735,0
User0500,User3737,0
User0500,User3858,0
User0500,User3864,0
User0500,User3897,0
User0500,User4002,0
User0500,User4121,0
User0500,User4208,1
User0500,User4266,1
User0500,User4313,0
User0500,User4378,0
User0500,User4414,0
User0500,User4733,0
User0500,User4795,0
User0500,User4835,0
User0500,User4977,0
User0500,User5083,0
User0500,User5224,0
User0500,User5269,0
User0500,User5297,0
User0500,User5348,0
User0500,User5459,0
User0500,User5557,0
User0500,User5595,0
User0500,User5617,0
User0500,User5732,0
User0500,User5952,0
User0500,User6095,0
User0500,User6256,0
User0500,User6523,0
User0500,User6696,0
User0500,User7178,0
User0500,User7265,0
User0500,User7378,0
User0500,User7551,0
User0500,User7628,0
User0505,User0756,1
User0505,User0822,1
User0505,User1081,1
User0505,User1103,1
User0505,User1145,1
User0505,User1157,0
User0505,User1187,1
User0505,User1233,0
User0505,User1283,0
User0505,User1351,0
User0505,User1506,1
User0505,User1545,1
User0505,User1597,0
User0505,User2007,0
User0505,User2044,1
User0505,User2571,1
User0505,User2613,0
User0505,User2699,0
User0505,User2806,1
User0505,User2955,1
User0505,User2971,0
User0505,User3004,1
User0505,User3240,0
User0505,User3379,0
User0505,User3460,0
User0505,User3598,1
User0505,User3735,0
User0505,User3737,0
User0505,User3858,1
User0505,User3864,1
User0505,User3897,0
User0505,User4002,1
User0505,User4121,1
User0505,User4208,0
User0505,User4266,0
User0505,User4313,1
User0505,User4378,0
User0505,User4414,1
User0505,User4733,0
User0505,User4795,1
User0505,User4835,1
User0505,User4977,1
User0505,User5083,0
User0505,User5224,1
User0505,User5269,0
User0505,User5297,1
User0505,User5348,1
User0505,User5459,2
User0505,User5557,1
User0505,User5595,1
User0505,User5617,0
User0505,User5732,1
User0505,User5952,0
User0505,User6095,0
User0505,User6256,0
User0505,User6523,0
User0505,User6696,1
User0505,User7178,1
User0505,User7265,0
User0505,User7378,1
User0505,User7551,1
User0505,User7628,1
User0564,User0822,0
User0564,User1081,1
User0564,User1103,1
User0564,User1145,1
User0564,User1157,0
User0564,User1187,1
User0564,User1233,0
User0564,User1283,0
User0564,User1351,0
User0564,User1506,0
User0564,User1545,1
User0564,User1597,0
User0564,User2007,0
User0564,User2044,1
User0564,User2571,1
User0564,User2613,0
User0564,User2699,0
User0564,User2806,1
User0564,User2955,1
User0564,User2971,0
User0564,User3004,0
User0564,User3240,0
User0564,User3379,0
User0564,User3460,0
User0564,User3598,1
User0564,User3735,0
User0564,User3737,0
User0564,User3858,1
User0564,User3864,1
User0564,User3897,0
User0564,User4002,0
User0564,User4121,0
User0564,User4208,0
User0564,User4266,0
User0564,User4313,0
User0564,User4378,0
User0564,User4414,1
User0564,User4733,0
User0564,User4795,0
User0564,User4835,1
User0564,User4977,1
User0564,User5083,0
User0564,User5224,1
User0564,User5269,0
User0564,User5297,1
User0564,User5348,1
User0564,User5459,1
User0564,User5557,1
User0564,User5595,0
User0564,User5617,0
User0564,User5732,1
User0564,User5952,0
User0564,User6095,0
User0564,User6256,0
User0564,User6523,0
User0564,User6696,0
User0564,User7178,1
User0564,User7265,0
User0564,User7378,1
User0564,User7551,1
User0564,User7628,1
User0587,User1081,0
User0587,User1103,0
User0587,User1145,0
User0587,User1157,1
User0587,User1187,0
User0587,User1233,0
User0587,User1283,0
User0587,User1351,0
User0587,User1506,0
User0587,User1545,0
User0587,User1597,0
User0587,User2007,0
User0587,User2044,0
User0587,User2571,0
User0587,User2613,0
User0587,User2699,0
User0587,User2806,0
User0587,User2955,0
User0587,User2971,0
User0587,User3004,1
User0587,User3240,0
User0587,User3379,0
User0587,User3460,1
User0587,User3598,0
User0587,User3735,0
User0587,User3737,1
User0587,User3858,0
User0587,User3864,0
User0587,User3897,0
User0587,User4002,0
User0587,User4121,0
User0587,User4208,0
User0587,User4266,0
User0587,User4313,0
User0587,User4378,0
User0587,User4414,0
User0587,User4733,0
User0587,User4795,0
User0587,User4835,0
User0587,User4977,0
User0587,User5083,0
User0587,User5224,0
User0587,User5269,0
User0587,User5297,0
User0587,User5348,0
User0587,User5459,0
User0587,User5557,0
User0587,User5595,0
User0587,User5617,0
User0587,User5732,0
User0587,User5952,0
User0587,User6095,0
User0587,User6256,0
User0587,User6523,0
User0587,User6696,0
User0587,User7178,0
User0587,User7265,0
User0587,User7378,0
User0587,User7551,0
User0587,User7628,0
User0756,User1103,0
User0756,User1145,0
User0756,User1157,0
User0756,User1187,0
User0756,User1233,0
User0756,User1283,0
User0756,User1351,0
User0756,User1506,0
User0756,User1545,0
User0756,User1597,0
User0756,User2007,0
User0756,User2044,0
User0756,User2571,0
User0756,User2613,0
User0756,User2699,0
User0756,User2806,1
User0756,User2955,0
User0756,User2971,1
User0756,User3004,1
User0756,User3240,0
User0756,User3379,0
User0756,User3460,0
User0756,User3598,0
User0756,User3735,0
User0756,User3737,0
User0756,User3858,0
User0756,User3864,0
User0756,User3897,0
User0756,User4002,1
User0756,User4121,0
User0756,User4208,0
User0756,User4266,0
User0756,User4313,1
User0756,User4378,0
User0756,User4414,0
User0756,User4733,0
User0756,User4795,0
User0756,User4835,0
User0756,User4977,0
User0756,User5083,0
User0756,User5224,0
User0756,User5269,0
User0756,User5297,0
User0756,User5348,0
User0756,User5459,0
User0756,User5557,0
User0756,User5595,0
User0756,User5617,0
User0756,User5732,0
User0756,User5952,0
User0756,User6095,0
User0756,User6256,0
User0756,User6523,0
User0756,User6696,0
User0756,User7178,0
User0756,User7265,0
User0756,User7378,0
User0756,User7551,0
User0756,User7628,0
User0822,User1145,0
User0822,User1157,0
User0822,User1187,0
User0822,User1233,1
User0822,User1283,0
User0822,User1351,1
User0822,User1506,1
User0822,User1545,0
User0822,User1597,1
User0822,User2007,1
User0822,User2044,0
User0822,User2571,0
User0822,User2613,1
User0822,User2699,0
User0822,User2806,0
User0822,User2955,0
User0822,User2971,0
User0822,User3004,1
User0822,User3240,0
User0822,User3379,1
User0822,User3460,0
User0822,User3598,0
User0822,User3735,0
User0822,User3737,0
User0822,User3858,0
User0822,User3864,0
User0822,User3897,0
User0822,User4002,1
User0822,User4121,1
User0822,User4208,1
User0822,User4266,1
User0822,User4313,0
User0822,User4378,1
User0822,User4414,0
User0822,User4733,0
User0822,User4795,1
User0822,User4835,0
User0822,User4977,0
User0822,User5083,1
User0822,User5224,0
User0822,User5269,1
User0822,User5297,0
User0822,User5348,0
User0822,User5459,0
User0822,User5557,0
User0822,User5595,1
User0822,User5617,0
User0822,User5732,0
User0822,User5952,0
User0822,User6095,1
User0822,User6256,1
User0822,User6523,1
User0822,User6696,1
User0822,User7178,0
User0822,User7265,1
User0822,User7378,0
User0822,User7551,0
User0822,User7628,0
User1081,User1157,0
User1081,User1187,1
User1081,User1233,0
User1081,User1283,0
User1081,User1351,0
User1081,User1506,0
User1081,User1545,1
User1081,User1597,0
User1081,User2007,0
User1081,User2044,1
User1081,User2571,1
User1081,User2613,0
User1081,User2699,0
User1081,User2806,1
User1081,User2955,1
User1081,User2971,0
User1081,User3004,0
User1081,User3240,0
User1081,User3379,0
User1081,User3460,0
User1081,User3598,1
User1081,User3735,0
User1081,User3737,0
User1081,User3858,1
User1081,User3864,1
User1081,User3897,0
User1081,User4002,0
User1081,User4121,0
User1081,User4208,0
User1081,User4266,0
User1081,User4313,0
User1081,User4378,0
User1081,User4414,1
User1081,User4733,0
User1081,User4795,0
User1081,User4835,1
User1081,User4977,1
User1081,User5083,0
User1081,User5224,1
User1081,User5269,0
User1081,User5297,1
User1081,User5348,1
User1081,User5459,1
User1081,User5557,1
User1081,User5595,0
User1081,User5617,0
User1081,User5732,1
User1081,User5952,0
User1081,User6095,0
User1081,User6256,0
User1081,User6523,0
User1081,User6696,0
User1081,User7178,1
User1081,User7265,0
User1081,User7378,1
User1081,User7551,1
User1081,User7628,1
User1103,User1187,1
User1103,User1233,0
User1103,User1283,0
User1103,User1351,0
User1103,User1506,0
User1103,User1545,1
User1103,User1597,0
User1103,User2007,0
User1103,User2044,1
User1103,User2571,1
User1103,User2613,0
User1103,User2699,0
User1103,User2806,1
User1103,User2955,1
User1103,User2971,0
User1103,User3004,0
User1103,User3240,0
User1103,User3379,0
User1103,User3460,0
User1103,User3598,1
User1103,User3735,0
User1103,User3737,0
User1103,User3858,1
User1103,User3864,1
User1103,User3897,1
User1103,User4002,0
User1103,User4121,0
User1103,User4208,0
User1103,User4266,0
User1103,User4313,0
User1103,User4378,0
User1103,User4414,1
User1103,User4733,0
User1103,User4795,0
User1103,User4835,1
User1103,User4977,1
User1103,User5083,0
User1103,User5224,1
User1103,User5269,0
User1103,User5297,1
User1103,User5348,1
User1103,User5459,1
User1103,User5557,1
User1103,User5595,0
User1103,User5617,0
User1103,User5732,1
User1103,User5952,0
User1103,User6095,0
User1103,User6256,0
User1103,User6523,0
User1103,User6696,0
User1103,User7178,1
User1103,User7265,0
User1103,User7378,1
User1103,User7551,1
User1103,User7628,1
User1145,User1233,0
User1145,User1283,0
User1145,User1351,0
User1145,User1506,0
User1145,User1545,1
User1145,User1597,0
User1145,User2007,0
User1145,User2044,1
User1145,User2571,1
User1145,User2613,0
User1145,User2699,0
User1145,User2806,1
User1145,User2955,1
User1145,User2971,0
User1145,User3004,0
User1145,User3240,0
User1145,User3379,0
User1145,User3460,0
User1145,User3598,1
User1145,User3735,0
User1145,User3737,0
User1145,User3858,1
User1145,User3864,1
User1145,User3897,0
User1145,User4002,0
User1145,User4121,0
User1145,User4208,0
User1145,User4266,0
User1145,User4313,0
User1145,User4378,0
User1145,User4414,1
User1145,User4733,0
User1145,User4795,0
User1145,User4835,1
User1145,User4977,1
User1145,User5083,0
User1145,User5224,1
User1145,User5269,0
User1145,User5297,1
User1145,User5348,1
User1145,User5459,1
User1145,User5557,1
User1145,User5595,0
User1145,User5617,0
User1145,User5732,1
User1145,User5952,0
User1145,User6095,0
User1145,User6256,0
User1145,User6523,0
User1145,User6696,0
User1145,User7178,1
User1145,User7265,0
User1145,User7378,1
User1145,User7551,1
User1145,User7628,1
User1157,User1283,0
User1157,User1351,0
User1157,User1506,0
User1157,User1545,0
User1157,User1597,0
User1157,User2007,0
User1157,User2044,0
User1157,User2571,0
User1157,User2613,0
User1157,User2699,0
User1157,User2806,0
User1157,User2955,0
User1157,User2971,0
User1157,User3004,1
User1157,User3240,0
User1157,User3379,0
User1157,User3460,1
User1157,User3598,0
User1157,User3735,0
User1157,User3737,1
User1157,User3858,0
User1157,User3864,0
User1157,User3897,0
User1157,User4002,0
User1157,User4121,0
User1157,User4208,0
User1157,User4266,0
User1157,User4313,0
User1157,User4378,0
User1157,User4414,0
User1157,User4733,0
User1157,User4795,0
User1157,User4835,0
User1157,User4977,0
User1157,User5083,0
User1157,User5224,0
User1157,User5269,0
User1157,User5297,0
User1157,User5348,0
User1157,User5459,0
User1157,User5557,0
User1157,User5595,0
User1157,User5617,0
User1157,User5732,0
User1157,User5952,0
User1157,User6095,0
User1157,User6256,0
User1157,User6523,0
User1157,User6696,0
User1157,User7178,0
User1157,User7265,0
User1157,User7378,0
User1157,User7551,0
User1157,User7628,0
User1187,User1351,0
User1187,User1506,0
User1187,User1545,2
User1187,User1597,0
User1187,User2007,0
User1187,User2044,1
User1187,User2571,1
User1187,User2613,0
User1187,User2699,1
User1187,User2806,1
User1187,User2955,1
User1187,User2971,0
User1187,User3004,1
User1187,User3240,0
User1187,User3379,0
User1187,User3460,0
User1187,User3598,1
User1187,User3735,0
User1187,User3737,0
User1187,User3858,1
User1187,User3864,1
User1187,User3897,0
User1187,User4002,0
User1187,User4121,0
User1187,User4208,0
User1187,User4266,0
User1187,User4313,0
User1187,User4378,0
User1187,User4414,1
User1187,User4733,0
User1187,User4795,0
User1187,User4835,1
User1187,User4977,1
User1187,User5083,0
User1187,User5224,1
User1187,User5269,0
User1187,User5297,1
User1187,User5348,2
User1187,User5459,1
User1187,User5557,1
User1187,User5595,0
User1187,User5617,0
User1187,User5732,1
User1187,User5952,1
User1187,User6095,0
User1187,User6256,0
User1187,User6523,0
User1187,User6696,0
User1187,User7178,1
User1187,User7265,0
User1187,User7378,1
User1187,User7551,1
User1187,User7628,1
User1233,User1506,0
User1233,User1545,0
User1233,User1597,0
User1233,User2007,0
User1233,User2044,0
User1233,User2571,0
User1233,User2613,0
User1233,User2699,0
User1233,User2806,0
User1233,User2955,0
User1233,User2971,0
User1233,User3004,0
User1233,User3240,0
User1233,User3379,0
User1233,User3460,0
User1233,User3598,0
User1233,User3735,0
User1233,User3737,0
User1233,User3858,0
User1233,User3864,0
User1233,User3897,0
User1233,User4002,0
User1233,User4121,0
User1233,User4208,1
User1233,User4266,1
User1233,User4313,0
User1233,User4378,0
User1233,User4414,0
User1233,User4733,0
User1233,User4795,0
User1233,User4835,0
User1233,User4977,0
User1233,User5083,0
User1233,User5224,0
User1233,User5269,0
User1233,User5297,0
User1233,User5348,0
User1233,User5459,0
User1233,User5557,0
User1233,User5595,0
User1233,User5617,0
User1233,User5732,0
User1233,User5952,0
User1233,User6095,0
User1233,User6256,0
User1233,User6523,0
User1233,User6696,0
User1233,User7178,0
User1233,User7265,0
User1233,User7378,0
User1233,User7551,0
User1233,User7628,0
User1283,User1545,0
User1283,User1597,0
User1283,User2007,0
User1283,User2044,0
User1283,User2571,0
User1283,User2613,1
User1283,User2699,0
User1283,User2806,0
User1283,User2955,0
User1283,User2971,0
User1283,User3004,0
User1283,User3240,1
User1283,User3379,0
User1283,User3460,0
User1283,User3598,0
User1283,User3735,1
User1283,User3737,0
User1283,User3858,0
User1283,User3864,0
User1283,User3897,0
User1283,User4002,0
User1283,User4121,0
User1283,User4208,0
User1283,User4266,0
User1283,User4313,0
User1283,User4378,0
User1283,User4414,0
User1283,User4733,0
User1283,User4795,0
User1283,User4835,0
User1283,User4977,0
User1283,User5083,0
User1283,User5224,0
User1283,User5269,0
User1283,User5297,0
User1283,User5348,0
User1283,User5459,0
User1283,User5557,0
User1283,User5595,0
User1283,User5617,0
User1283,User5732,0
User1283,User5952,0
User1283,User6095,0
User1283,User6256,1
User1283,User6523,0
User1283,User6696,0
User1283,User7178,0
User1283,User7265,0
User1283,User7378,0
User1283,User7551,0
User1283,User7628,0
User1351,User1597,1
User1351,User2007,1
User1351,User2044,0
User1351,User2571,0
User1351,User2613,1
User1351,User2699,0
User1351,User2806,0
User1351,User2955,0
User1351,User2971,0
User1351,User3004,1
User1351,User3240,0
User1351,User3379,1
User1351,User3460,0
User1351,User3598,0
User1351,User3735,0
User1351,User3737,0
User1351,User3858,0
User1351,User3864,0
User1351,User3897,0
User1351,User4002,0
User1351,User4121,0
User1351,User4208,0
User1351,User4266,0
User1351,User4313,0
User1351,User4378,1
User1351,User4414,0
User1351,User4733,0
User1351,User4795,0
User1351,User4835,0
User1351,User4977,0
User1351,User5083,1
User1351,User5224,0
User1351,User5269,1
User1351,User5297,0
User1351,User5348,0
User1351,User5459,0
User1351,User5557,0
User1351,User5595,0
User1351,User5617,0
User1351,User5732,0
User1351,User5952,0
User1351,User6095,1
User1351,User6256,0
User1351,User6523,1
User1351,User6696,0
User1351,User7178,0
User1351,User7265,1
User1351,User7378,0
User1351,User7551,0
User1351,User7628,0
User1506,User2007,0
User1506,User2044,0
User1506,User2571,0
User1506,User2613,0
User1506,User2699,0
User1506,User2806,0
User1506,User2955,0
User1506,User2971,0
User1506,User3004,0
User1506,User3240,0
User1506,User3379,0
User1506,User3460,0
User1506,User3598,0
User1506,User3735,0
User1506,User3737,0
User1506,User3858,0
User1506,User3864,0
User1506,User3897,0
User1506,User4002,0
User1506,User4121,1
User1506,User4208,0
User1506,User4266,0
User1506,User4313,0
User1506,User4378,0
User1506,User4414,0
User1506,User4733,0
User1506,User4795,1
User1506,User4835,0
User1506,User4977,0
User1506,User5083,0
User1506,User5224,0
User1506,User5269,0
User1506,User5297,0
User1506,User5348,0
User1506,User5459,0
User1506,User5557,0
User1506,User5595,1
User1506,User5617,0
User1506,User5732,0
User1506,User5952,0
User1506,User6095,0
User1506,User6256,0
User1506,User6523,0
User1506,User6696,1
User1506,User7178,0
User1506,User7265,0
User1506,User7378,0
User1506,User7551,0
User1506,User7628,0
User1545,User2044,1
User1545,User2571,1
User1545,User2613,0
User1545,User2699,1
User1545,User2806,1
User1545,User2955,1
User1545,User2971,0
User1545,User3004,1
User1545,User3240,0
User1545,User3379,0
User1545,User3460,0
User1545,User3598,1
User1545,User3735,0
User1545,User3737,0
User1545,User3858,1
User1545,User3864,1
User1545,User3897,0
User1545,User4002,0
User1545,User4121,0
User1545,User4208,0
User1545,User4266,0
User1545,User4313,0
User1545,User4378,0
User1545,User4414,1
User1545,User4733,0
User1545,User4795,0
User1545,User4835,1
User1545,User4977,1
User1545,User5083,0
User1545,User5224,1
User1545,User5269,0
User1545,User5297,1
User1545,User5348,2
User1545,User5459,1
User1545,User5557,1
User1545,User5595,0
User1545,User5617,0
User1545,User5732,1
User1545,User5952,1
User1545,User6095,0
User1545,User6256,0
User1545,User6523,0
User1545,User6696,0
User1545,User7178,1
User1545,User7265,0
User1545,User7378,1
User1545,User7551,1
User1545,User7628,1
User1597,User2571,0
User1597,User2613,1
User1597,User2699,0
User1597,User2806,0
User1597,User2955,0
User1597,User2971,0
User1597,User3004,1
User1597,User3240,0
User1597,User3379,1
User1597,User3460,0
User1597,User3598,0
User1597,User3735,0
User1597,User3737,0
User1597,User3858,0
User1597,User3864,0
User1597,User3897,0
User1597,User4002,0
User1597,User4121,0
User1597,User4208,0
User1597,User4266,0
User1597,User4313,0
User1597,User4378,1
User1597,User4414,0
User1597,User4733,0
User1597,User4795,0
User1597,User4835,0
User1597,User4977,0
User1597,User5083,1
User1597,User5224,0
User1597,User5269,1
User1597,User5297,0
User1597,User5348,0
User1597,User5459,0
User1597,User5557,0
User1597,User5595,0
User1597,User5617,0
User1597,User5732,0
User1597,User5952,0
User1597,User6095,1
User1597,User6256,0
User1597,User6523,1
User1597,User6696,0
User1597,User7178,0
User1597,User7265,1
User1597,User7378,0
User1597,User7551,0
User1597,User7628,0
User2007,User2613,1
User2007,User2699,0
User2007,User2806,0
User2007,User2955,0
User2007,User2971,0
User2007,User3004,1
User2007,User3240,0
User2007,User3379,1
User2007,User3460,0
User2007,User3598,0
User2007,User3735,0
User2007,User3737,0
User2007,User3858,0
User2007,User3864,0
User2007,User3897,0
User2007,User4002,0
User2007,User4121,0
User2007,User4208,0
User2007,User4266,0
User2007,User4313,0
User2007,User4378,1
User2007,User4414,0
User2007,User4733,0
User2007,User4795,0
User2007,User4835,0
User2007,User4977,0
User2007,User5083,1
User2007,User5224,0
User2007,User5269,1
User2007,User5297,0
User2007,User5348,0
User2007,User5459,0
User2007,User5557,0
User2007,User5595,0
User2007,User5617,0
User2007,User5732,0
User2007,User5952,0
User2007,User6095,1
User2007,User6256,0
User2007,User6523,1
User2007,User6696,0
User2007,User7178,0
User2007,User7265,1
User2007,User7378,0
User2007,User7551,0
User2007,User7628,0
User2044,User2699,0
User2044,User2806,1
User2044,User2955,1
User2044,User2971,0
User2044,User3004,0
User2044,User3240,0
User2044,User3379,0
User2044,User3460,0
User2044,User3598,1
User2044,User3735,0
User2044,User3737,0
User2044,User3858,1
User2044,User3864,1
User2044,User3897,0
User2044,User4002,0
User2044,User4121,0
User2044,User4208,0
User2044,User4266,0
User2044,User4313,0
User2044,User4378,0
User2044,User4414,1
User2044,User4733,0
User2044,User4795,0
User2044,User4835,1
User2044,User4977,1
User2044,User5083,0
User2044,User5224,1
User2044,User5269,0
User2044,User5297,1
User2044,User5348,1
User2044,User5459,1
User2044,User5557,1
User2044,User5595,0
User2044,User5617,0
User2044,User5732,1
User2044,User5952,0
User2044,User6095,0
User2044,User6256,0
User2044,User6523,0
User2044,User6696,0
User2044,User7178,1
User2044,User7265,0
User2044,User7378,1
User2044,User7551,1
User2044,User7628,1
User2571,User2806,1
User2571,User2955,1
User2571,User2971,0
User2571,User3004,0
User2571,User3240,0
User2571,User3379,0
User2571,User3460,0
User2571,User3598,1
User2571,User3735,0
User2571,User3737,0
User2571,User3858,1
User2571,User3864,1
User2571,User3897,0
User2571,User4002,0
User2571,User4121,0
User2571,User4208,0
User2571,User4266,0
User2571,User4313,0
User2571,User4378,0
User2571,User4414,1
User2571,User4733,0
User2571,User4795,0
User2571,User4835,1
User2571,User4977,1
User2571,User5083,0
User2571,User5224,1
User2571,User5269,0
User2571,User5297,1
User2571,User5348,1
User2571,User5459,1
User2571,User5557,1
User2571,User5595,0
User2571,User5617,0
User2571,User5732,1
User2571,User5952,0
User2571,User6095,0
User2571,User6256,0
User2571,User6523,0
User2571,User6696,0
User2571,User7178,1
User2571,User7265,0
User2571,User7378,1
User2571,User7551,1
User2571,User7628,1
User2613,User2955,0
User2613,User2971,0
User2613,User3004,1
User2613,User3240,1
User2613,User3379,1
User2613,User3460,0
User2613,User3598,0
User2613,User3735,1
User2613,User3737,0
User2613,User3858,0
User2613,User3864,0
User2613,User3897,0
User2613,User4002,1
User2613,User4121,0
User2613,User4208,0
User2613,User4266,0
User2613,User4313,0
User2613,User4378,1
User2613,User4414,0
User2613,User4733,0
User2613,User4795,0
User2613,User4835,0
User2613,User4977,0
User2613,User5083,1
User2613,User5224,0
User2613,User5269,1
User2613,User5297,0
User2613,User5348,0
User2613,User5459,0
User2613,User5557,0
User2613,User5595,0
User2613,User5617,0
User2613,User5732,0
User2613,User5952,0
User2613,User6095,1
User2613,User6256,2
User2613,User6523,1
User2613,User6696,1
User2613,User7178,0
User2613,User7265,1
User2613,User7378,0
User2613,User7551,0
User2613,User7628,0
User2699,User2971,0
User2699,User3004,1
User2699,User3240,0
User2699,User3379,0
User2699,User3460,0
User2699,User3598,0
User2699,User3735,0
User2699,User3737,0
User2699,User3858,0
User2699,User3864,0
User2699,User3897,0
User2699,User4002,0
User2699,User4121,0
User2699,User4208,0
User2699,User4266,0
User2699,User4313,0
User2699,User4378,0
User2699,User4414,0
User2699,User4733,0
User2699,User4795,0
User2699,User4835,0
User2699,User4977,0
User2699,User5083,0
User2699,User5224,0
User2699,User5269,0
User2699,User5297,0
User2699,User5348,1
User2699,User5459,0
User2699,User5557,0
User2699,User5595,0
User2699,User5617,0
User2699,User5732,0
User2699,User5952,1
User2699,User6095,0
User2699,User6256,0
User2699,User6523,0
User2699,User6696,0
User2699,User7178,0
User2699,User7265,0
User2699,User7378,0
User2699,User7551,0
User2699,User7628,0
User2806,User3004,0
User2806,User3240,0
User2806,User3379,0
User2806,User3460,0
User2806,User3598,1
User2806,User3735,0
User2806,User3737,0
User2806,User3858,1
User2806,User3864,1
User2806,User3897,0
User2806,User4002,0
User2806,User4121,0
User2806,User4208,0
User2806,User4266,0
User2806,User4313,0
User2806,User4378,0
User2806,User4414,1
User2806,User4733,0
User2806,User4795,0
User2806,User4835,1
User2806,User4977,1
User2806,User5083,0
User2806,User5224,1
User2806,User5269,0
User2806,User5297,1
User2806,User5348,1
User2806,User5459,1
User2806,User5557,1
User2806,User5595,0
User2806,User5617,0
User2806,User5732,1
User2806,User5952,0
User2806,User6095,0
User2806,User6256,0
User2806,User6523,0
User2806,User6696,0
User2806,User7178,1
User2806,User7265,0
User2806,User7378,1
User2806,User7551,1
User2806,User7628,1
User2955,User3240,0
User2955,User3379,0
User2955,User3460,0
User2955,User3598,1
User2955,User3735,0
User2955,User3737,0
User2955,User3858,1
User2955,User3864,1
User2955,User3897,0
User2955,User4002,0
User2955,User4121,0
User2955,User4208,0
User2955,User4266,0
User2955,User4313,0
User2955,User4378,0
User2955,User4414,1
User2955,User4733,0
User2955,User4795,0
User2955,User4835,1
User2955,User4977,1
User2955,User5083,0
User2955,User5224,1
User2955,User5269,0
User2955,User5297,1
User2955,User5348,1
User2955,User5459,1
User2955,User5557,1
User2955,User5595,0
User2955,User5617,0
User2955,User5732,1
User2955,User5952,0
User2955,User6095,0
User2955,User6256,0
User2955,User6523,0
User2955,User6696,0
User2955,User7178,1
User2955,User7265,0
User2955,User7378,1
User2955,User7551,1
User2955,User7628,1
User2971,User3379,0
User2971,User3460,0
User2971,User3598,0
User2971,User3735,0
User2971,User3737,0
User2971,User3858,0
User2971,User3864,0
User2971,User3897,0
User2971,User4002,0
User2971,User4121,0
User2971,User4208,0
User2971,User4266,0
User2971,User4313,0
User2971,User4378,0
User2971,User4414,0
User2971,User4733,0
User2971,User4795,0
User2971,User4835,0
User2971,User4977,0
User2971,User5083,0
User2971,User5224,0
User2971,User5269,0
User2971,User5297,0
User2971,User5348,0
User2971,User5459,0
User2971,User5557,0
User2971,User5595,0
User2971,User5617,0
User2971,User5732,0
User2971,User5952,0
User2971,User6095,0
User2971,User6256,0
User2971,User6523,0
User2971,User6696,0
User2971,User7178,0
User2971,User7265,0
User2971,User7378,0
User2971,User7551,0
User2971,User7628,0
User3004,User3460,1
User3004,User3598,0
User3004,User3735,0
User3004,User3737,1
User3004,User3858,0
User3004,User3864,0
User3004,User3897,0
User3004,User4002,1
User3004,User4121,0
User3004,User4208,0
User3004,User4266,0
User3004,User4313,1
User3004,User4378,1
User3004,User4414,0
User3004,User4733,0
User3004,User4795,0
User3004,User4835,0
User3004,User4977,0
User3004,User5083,1
User3004,User5224,0
User3004,User5269,1
User3004,User5297,0
User3004,User5348,1
User3004,User5459,0
User3004,User5557,0
User3004,User5595,0
User3004,User5617,0
User3004,User5732,0
User3004,User5952,1
User3004,User6095,1
User3004,User6256,0
User3004,User6523,1
User3004,User6696,0
User3004,User7178,0
User3004,User7265,1
User3004,User7378,0
User3004,User7551,0
User3004,User7628,0
User3240,User3598,0
User3240,User3735,1
User3240,User3737,0
User3240,User3858,0
User3240,User3864,0
User3240,User3897,0
User3240,User4002,0
User3240,User4121,0
User3240,User4208,0
User3240,User4266,0
User3240,User4313,0
User3240,User4378,0
User3240,User4414,0
User3240,User4733,0
User3240,User4795,0
User3240,User4835,0
User3240,User4977,0
User3240,User5083,0
User3240,User5224,0
User3240,User5269,0
User3240,User5297,0
User3240,User5348,0
User3240,User5459,0
User3240,User5557,0
User3240,User5595,0
User3240,User5617,0
User3240,User5732,0
User3240,User5952,0
User3240,User6095,0
User3240,User6256,1
User3240,User6523,0
User3240,User6696,0
User3240,User7178,0
User3240,User7265,0
User3240,User7378,0
User3240,User7551,0
User3240,User7628,0
User3379,User3735,0
User3379,User3737,0
User3379,User3858,0
User3379,User3864,0
User3379,User3897,0
User3379,User4002,0
User3379,User4121,0
User3379,User4208,0
User3379,User4266,0
User3379,User4313,0
User3379,User4378,1
User3379,User4414,0
User3379,User4733,0
User3379,User4795,0
User3379,User4835,0
User3379,User4977,0
User3379,User5083,1
User3379,User5224,0
User3379,User5269,1
User3379,User5297,0
User3379,User5348,0
User3379,User5459,0
User3379,User5557,0
User3379,User5595,0
User3379,User5617,0
User3379,User5732,0
User3379,User5952,0
User3379,User6095,1
User3379,User6256,0
User3379,User6523,1
User3379,User6696,0
User3379,User7178,0
User3379,User7265,1
User3379,User7378,0
User3379,User7551,0
User3379,User7628,0
User3460,User3737,1
User3460,User3858,0
User3460,User3864,0
User3460,User3897,0
User3460,User4002,0
User3460,User4121,0
User3460,User4208,0
User3460,User4266,0
User3460,User4313,0
User3460,User4378,0
User3460,User4414,0
User3460,User4733,0
User3460,User4795,0
User3460,User4835,0
User3460,User4977,0
User3460,User5083,0
User3460,User5224,0
User3460,User5269,0
User3460,User5297,0
User3460,User5348,0
User3460,User5459,0
User3460,User5557,0
User3460,User5595,0
User3460,User5617,0
User3460,User5732,0
User3460,User5952,0
User3460,User6095,0
User3460,User6256,0
User3460,User6523,0
User3460,User6696,0
User3460,User7178,0
User3460,User7265,0
User3460,User7378,0
User3460,User7551,0
User3460,User7628,0
User3598,User3858,1
User3598,User3864,1
User3598,User3897,0
User3598,User4002,0
User3598,User4121,0
User3598,User4208,0
User3598,User4266,0
User3598,User4313,0
User3598,User4378,0
User3598,User4414,1
User3598,User4733,0
User3598,User4795,0
User3598,User4835,1
User3598,User4977,1
User3598,User5083,0
User3598,User5224,1
User3598,User5269,0
User3598,User5297,1
User3598,User5348,1
User3598,User5459,1
User3598,User5557,1
User3598,User5595,0
User3598,User5617,0
User3598,User5732,1
User3598,User5952,0
User3598,User6095,0
User3598,User6256,0
User3598,User6523,0
User3598,User6696,0
User3598,User7178,1
User3598,User7265,0
User3598,User7378,1
User3598,User7551,1
User3598,User7628,1
User3735,User3864,0
User3735,User3897,0
User3735,User4002,0
User3735,User4121,0
User3735,User4208,0
User3735,User4266,0
User3735,User4313,0
User3735,User4378,0
User3735,User4414,0
User3735,User4733,0
User3735,User4795,0
User3735,User4835,0
User3735,User4977,0
User3735,User5083,0
User3735,User5224,0
User3735,User5269,0
User3735,User5297,0
User3735,User5348,0
User3735,User5459,0
User3735,User5557,0
User3735,User5595,0
User3735,User5617,0
User3735,User5732,0
User3735,User5952,0
User3735,User6095,0
User3735,User6256,1
User3735,User6523,0
User3735,User6696,0
User3735,User7178,0
User3735,User7265,0
User3735,User7378,0
User3735,User7551,0
User3735,User7628,0
User3737,User3897,0
User3737,User4002,0
User3737,User4121,0
User3737,User4208,0
User3737,User4266,0
User3737,User4313,0
User3737,User4378,0
User3737,User4414,0
User3737,User4733,0
User3737,User4795,0
User3737,User4835,0
User3737,User4977,0
User3737,User5083,0
User3737,User5224,0
User3737,User5269,0
User3737,User5297,0
User3737,User5348,0
User3737,User5459,0
User3737,User5557,0
User3737,User5595,0
User3737,User5617,0
User3737,User5732,0
User3737,User5952,0
User3737,User6095,0
User3737,User6256,0
User3737,User6523,0
User3737,User6696,0
User3737,User7178,0
User3737,User7265,0
User3737,User7378,0
User3737,User7551,0
User3737,User7628,0
User3858,User4002,0
User3858,User4121,0
User3858,User4208,0
User3858,User4266,0
User3858,User4313,0
User3858,User4378,0
User3858,User4414,1
User3858,User4733,0
User3858,User4795,0
User3858,User4835,1
User3858,User4977,1
User3858,User5083,0
User3858,User5224,1
User3858,User5269,0
User3858,User5297,1
User3858,User5348,1
User3858,User5459,1
User3858,User5557,1
User3858,User5595,0
User3858,User5617,0
User3858,User5732,1
User3858,User5952,0
User3858,User6095,0
User3858,User6256,0
User3858,User6523,0
User3858,User6696,0
User3858,User7178,1
User3858,User7265,0
User3858,User7378,1
User3858,User7551,1
User3858,User7628,1
User3864,User4121,0
User3864,User4208,0
User3864,User4266,0
User3864,User4313,0
User3864,User4378,0
User3864,User4414,1
User3864,User4733,0
User3864,User4795,0
User3864,User4835,1
User3864,User4977,1
User3864,User5083,0
User3864,User5224,1
User3864,User5269,0
User3864,User5297,1
User3864,User5348,1
User3864,User5459,1
User3864,User5557,1
User3864,User5595,0
User3864,User5617,0
User3864,User5732,1
User3864,User5952,0
User3864,User6095,0
User3864,User6256,0
User3864,User6523,0
User3864,User6696,0
User3864,User7178,1
User3864,User7265,0
User3864,User7378,1
User3864,User7551,1
User3864,User7628,1
User3897,User4208,0
User3897,User4266,0
User3897,User4313,0
User3897,User4378,0
User3897,User4414,0
User3897,User4733,0
User3897,User4795,0
User3897,User4835,0
User3897,User4977,0
User3897,User5083,0
User3897,User5224,0
User3897,User5269,0
User3897,User5297,0
User3897,User5348,0
User3897,User5459,0
User3897,User5557,0
User3897,User5595,0
User3897,User5617,0
User3897,User5732,0
User3897,User5952,0
User3897,User6095,0
User3897,User6256,0
User3897,User6523,0
User3897,User6696,0
User3897,User7178,0
User3897,User7265,0
User3897,User7378,0
User3897,User7551,0
User3897,User7628,0
User4002,User4266,0
User4002,User4313,1
User4002,User4378,0
User4002,User4414,0
User4002,User4733,0
User4002,User4795,0
User4002,User4835,0
User4002,User4977,0
User4002,User5083,0
User4002,User5224,0
User4002,User5269,0
User4002,User5297,0
User4002,User5348,0
User4002,User5459,0
User4002,User5557,0
User4002,User5595,0
User4002,User5617,0
User4002,User5732,0
User4002,User5952,0
User4002,User6095,0
User4002,User6256,2
User4002,User6523,0
User4002,User6696,1
User4002,User7178,0
User4002,User7265,0
User4002,User7378,0
User4002,User7551,0
User4002,User7628,0
User4121,User4313,0
User4121,User4378,0
User4121,User4414,0
User4121,User4733,0
User4121,User4795,1
User4121,User4835,0
User4121,User4977,0
User4121,User5083,0
User4121,User5224,0
User4121,User5269,0
User4121,User5297,0
User4121,User5348,0
User4121,User5459,0
User4121,User5557,0
User4121,User5595,1
User4121,User5617,0
User4121,User5732,0
User4121,User5952,0
User4121,User6095,0
User4121,User6256,0
User4121,User6523,0
User4121,User6696,1
User4121,User7178,0
User4121,User7265,0
User4121,User7378,0
User4121,User7551,0
User4121,User7628,0
User4208,User4378,0
User4208,User4414,0
User4208,User4733,0
User4208,User4795,0
User4208,User4835,0
User4208,User4977,0
User4208,User5083,0
User4208,User5224,0
User4208,User5269,0
User4208,User5297,0
User4208,User5348,0
User4208,User5459,0
User4208,User5557,0
User4208,User5595,0
User4208,User5617,0
User4208,User5732,0
User4208,User5952,0
User4208,User6095,0
User4208,User6256,0
User4208,User6523,0
User4208,User6696,0
User4208,User7178,0
User4208,User7265,0
User4208,User7378,0
User4208,User7551,0
User4208,User7628,0
User4266,User4414,0
User4266,User4733,0
User4266,User4795,0
User4266,User4835,0
User4266,User4977,0
User4266,User5083,0
User4266,User5224,0
User4266,User5269,0
User4266,User5297,0
User4266,User5348,0
User4266,User5459,0
User4266,User5557,0
User4266,User5595,0
User4266,User5617,0
User4266,User5732,0
User4266,User5952,0
User4266,User6095,0
User4266,User6256,0
User4266,User6523,0
User4266,User6696,0
User4266,User7178,0
User4266,User7265,0
User4266,User7378,0
User4266,User7551,0
User4266,User7628,0
User4313,User4733,0
User4313,User4795,0
User4313,User4835,0
User4313,User4977,0
User4313,User5083,0
User4313,User5224,0
User4313,User5269,0
User4313,User5297,0
User4313,User5348,0
User4313,User5459,0
User4313,User5557,0
User4313,User5595,0
User4313,User5617,0
User4313,User5732,0
User4313,User5952,0
User4313,User6095,0
User4313,User6256,0
User4313,User6523,0
User4313,User6696,0
User4313,User7178,0
User4313,User7265,0
User4313,User7378,0
User4313,User7551,0
User4313,User7628,0
User4378,User4795,0
User4378,User4835,0
User4378,User4977,0
User4378,User5083,1
User4378,User5224,0
User4378,User5269,1
User4378,User5297,0
User4378,User5348,0
User4378,User5459,0
User4378,User5557,0
User4378,User5595,0
User4378,User5617,0
User4378,User5732,0
User4378,User5952,0
User4378,User6095,1
User4378,User6256,0
User4378,User6523,1
User4378,User6696,0
User4378,User7178,0
User4378,User7265,1
User4378,User7378,0
User4378,User7551,0
User4378,User7628,0
User4414,User4835,1
User4414,User4977,1
User4414,User5083,0
User4414,User5224,1
User4414,User5269,0
User4414,User5297,1
User4414,User5348,1
User4414,User5459,1
User4414,User5557,1
User4414,User5595,0
User4414,User5617,0
User4414,User5732,1
User4414,User5952,0
User4414,User6095,0
User4414,User6256,0
User4414,User6523,0
User4414,User6696,0
User4414,User7178,1
User4414,User7265,0
User4414,User7378,1
User4414,User7551,1
User4414,User7628,1
User4733,User4977,0
User4733,User5083,0
User4733,User5224,0
User4733,User5269,0
User4733,User5297,0
User4733,User5348,0
User4733,User5459,0
User4733,User5557,0
User4733,User5595,0
User4733,User5617,0
User4733,User5732,0
User4733,User5952,0
User4733,User6095,0
User4733,User6256,0
User4733,User6523,0
User4733,User6696,0
User4733,User7178,0
User4733,User7265,0
User4733,User7378,0
User4733,User7551,0
User4733,User7628,0
User4795,User5083,0
User4795,User5224,0
User4795,User5269,0
User4795,User5297,0
User4795,User5348,0
User4795,User5459,0
User4795,User5557,0
User4795,User5595,1
User4795,User5617,0
User4795,User5732,0
User4795,User5952,0
User4795,User6095,0
User4795,User6256,0
User4795,User6523,0
User4795,User6696,1
User4795,User7178,0
User4795,User7265,0
User4795,User7378,0
User4795,User7551,0
User4795,User7628,0
User4835,User5224,1
User4835,User5269,0
User4835,User5297,1
User4835,User5348,1
User4835,User5459,1
User4835,User5557,1
User4835,User5595,0
User4835,User5617,0
User4835,User5732,1
User4835,User5952,0
User4835,User6095,0
User4835,User6256,0
User4835,User6523,0
User4835,User6696,0
User4835,User7178,1
User4835,User7265,0
User4835,User7378,1
User4835,User7551,1
User4835,User7628,1
User4977,User5269,0
User4977,User5297,1
User4977,User5348,1
User4977,User5459,1
User4977,User5557,1
User4977,User5595,0
User4977,User5617,0
User4977,User5732,1
User4977,User5952,0
User4977,User6095,0
User4977,User6256,0
User4977,User6523,0
User4977,User6696,0
User4977,User7178,1
User4977,User7265,0
User4977,User7378,1
User4977,User7551,1
User4977,User7628,1
User5083,User5297,0
User5083,User5348,0
User5083,User5459,0
User5083,User5557,0
User5083,User5595,0
User5083,User5617,0
User5083,User5732,0
User5083,User5952,0
User5083,User6095,1
User5083,User6256,0
User5083,User6523,1
User5083,User6696,0
User5083,User7178,0
User5083,User7265,1
User5083,User7378,0
User5083,User7551,0
User5083,User7628,0
User5224,User5348,1
User5224,User5459,1
User5224,User5557,1
User5224,User5595,0
User5224,User5617,0
User5224,User5732,1
User5224,User5952,0
User5224,User6095,0
User5224,User6256,0
User5224,User6523,0
User5224,User6696,0
User5224,User7178,1
User5224,User7265,0
User5224,User7378,1
User5224,User7551,1
User5224,User7628,1
User5269,User5459,0
User5269,User5557,0
User5269,User5595,0
User5269,User5617,0
User5269,User5732,0
User5269,User5952,0
User5269,User6095,1
User5269,User6256,0
User5269,User6523,1
User5269,User6696,0
User5269,User7178,0
User5269,User7265,1
User5269,User7378,0
User5269,User7551,0
User5269,User7628,0
User5297,User5557,1
User5297,User5595,0
User5297,User5617,0
User5297,User5732,1
User5297,User5952,0
User5297,User6095,0
User5297,User6256,0
User5297,User6523,0
User5297,User6696,0
User5297,User7178,1
User5297,User7265,0
User5297,User7378,1
User5297,User7551,1
User5297,User7628,1
User5348,User5595,0
User5348,User5617,0
User5348,User5732,1
User5348,User5952,1
User5348,User6095,0
User5348,User6256,0
User5348,User6523,0
User5348,User6696,0
User5348,User7178,1
User5348,User7265,0
User5348,User7378,1
User5348,User7551,1
User5348,User7628,1
User5459,User5617,0
User5459,User5732,1
User5459,User5952,0
User5459,User6095,0
User5459,User6256,0
User5459,User6523,0
User5459,User6696,0
User5459,User7178,1
User5459,User7265,0
User5459,User7378,1
User5459,User7551,1
User5459,User7628,1
User5557,User5732,1
User5557,User5952,0
User5557,User6095,0
User5557,User6256,0
User5557,User6523,0
User5557,User6696,0
User5557,User7178,1
User5557,User7265,0
User5557,User7378,1
User5557,User7551,1
User5557,User7628,1
User5595,User5952,0
User5595,User6095,0
User5595,User6256,0
User5595,User6523,0
User5595,User6696,1
User5595,User7178,0
User5595,User7265,0
User5595,User7378,0
User5595,User7551,0
User5595,User7628,0
User5617,User6095,0
User5617,User6256,0
User5617,User6523,0
User5617,User6696,0
User5617,User7178,0
User5617,User7265,0
User5617,User7378,0
User5617,User7551,0
User5617,User7628,0
User5732,User6256,0
User5732,User6523,0
User5732,User6696,0
User5732,User7178,1
User5732,User7265,0
User5732,User7378,1
User5732,User7551,1
User5732,User7628,1
User5952,User6523,0
User5952,User6696,0
User5952,User7178,0
User5952,User7265,0
User5952,User7378,0
User5952,User7551,0
User5952,User7628,0
User6095,User6696,0
User6095,User7178,0
User6095,User7265,1
User6095,User7378,0
User6095,User7551,0
User6095,User7628,0
User6256,User7178,0
User6256,User7265,0
User6256,User7378,0
User6256,User7551,0
User6256,User7628,0
User6523,User7265,1
User6523,User7378,0
User6523,User7551,0
User6523,User7628,0
User6696,User7378,0
User6696,User7551,0
User6696,User7628,0
User7178,User7551,1
User7178,User7628,1
User7265,User7628,0
